TASKID,ACCESS_LOG,KEEPALIVE_TIMEOUT,LWIP_HEAP,LWIP_NUM_TCPCON,LWIP_NUM_TCPLISTENERS,LWIP_UKNETDEV_POLLONLY,NUM_PARALLEL_CONNS,OPEN_FILE_CACHE,PAYLOAD_SIZE,WORKER_CONNECTIONS,Url,Threads,Connections,Thread Latency Avg,Thread Latency Stdev,Thread Latency Max,Thread Latency Delta,Thread RPS Avg,Thread RPS Stdev,Thread RPS Max,Thread RPS Delta,Total Requests,Total Duration,Total Transfer,Connect Errors,Read Errors,Write Errors,Timeout Errors,Requests Per Second,Transfer Per Second
0091ab6fc852ad420abd48b5d5bb99e0,y,0,y,8,64,y,30,nocaching,612,63,http://172.34.15.2:80/payload.txt,30,30,49470000,27400000,100720000,58.56,10.08,0.96,20,98.8,3024,10010000000,2.53755392e+06,0,0,0,0,302.02,253399.04
015a603a97de08fff3e3779ab5b50e7a,n,60,y,32,16,y,30,caching,612,63,http://172.16.29.2:80/payload.txt,30,30,343690,216510,7310000,91.28,3040,564.59,10760,77.73,908759,10100000000,7.6694945792e+08,0,0,0,0,89971.49,7.592738816e+07
038d1b80148976dba61129908115f542,n,0,y,8,32,y,30,caching,612,63,http://172.19.13.2:80/payload.txt,30,30,30880000,86730000,509110000,92.61,60.04,72.33,454,92.01,14112,10020000000,1.183842304e+07,0,0,0,0,1408.3,1.18489088e+06
0559f97292253ce698ef1adb5b8baef3,y,60,y,64,64,n,30,nocaching,612,63,http://172.16.29.2:80/payload.txt,30,30,124760000,9050000,143680000,98.62,8.74,2.32,30,74.16,2391,10010000000,2.01326592e+06,0,0,0,0,238.75,201512.96
05b82dbe744df9b28cdef9c8151a3f45,n,60,y,32,32,y,30,caching,612,63,http://172.35.31.2:80/payload.txt,30,30,383850,142690,6630000,95.52,2590,339.75,14290,93.63,773674,10100000000,6.5293778944e+08,0,0,0,0,76603.52,6.46447104e+07
08782a95f5406ad88fbf108cc15bcf1a,n,0,y,16,32,n,30,caching,612,63,http://172.37.17.2:80/payload.txt,30,30,7470000,7240000,35370000,81.71,66.65,91.05,585,90.39,14114,10010000000,1.183842304e+07,0,0,0,0,1409.29,1.18489088e+06
09ebd81617d5d0b04bfc8a24745b6d3d,n,0,y,16,64,n,30,caching,612,63,http://172.33.30.2:80/payload.txt,30,30,7290000,7190000,33620000,83.81,68.41,103.91,770,94.19,14114,10020000000,1.183842304e+07,0,0,0,0,1409.09,1.18489088e+06
0aed99f11d01005b6bf82d943ad13ac2,n,0,y,16,8,y,30,caching,612,63,http://172.24.10.2:80/payload.txt,30,30,19690000,64190000,514780000,95.91,61.55,73.3,450,93.45,14113,10030000000,1.183842304e+07,0,0,0,0,1406.88,1.18489088e+06
0d16762c78994de5e4fc41331ab8442f,y,0,y,32,16,n,30,nocaching,612,63,http://172.34.15.2:80/payload.txt,30,30,52760000,27980000,103040000,56.69,10,0.54,20,99.3,2995,10010000000,2.5165824e+06,0,0,0,0,299.15,250982.4
0f633004856329e6464b0c3114b83eb3,n,60,y,64,8,y,30,nocaching,612,63,http://172.29.16.2:80/payload.txt,30,30,386700,148670,6300000,92,2590,326.27,10870,84.84,774555,10100000000,6.536822784e+08,0,0,0,0,76687.14,6.471811072e+07
1001cd2cae604dc4b46012767171dccd,n,0,y,16,32,y,30,nocaching,612,63,http://172.29.16.2:80/payload.txt,30,30,7220000,6730000,29190000,78.68,69.33,106.84,840,94.12,14114,10020000000,1.183842304e+07,0,0,0,0,1408.5,1.18489088e+06
11420ff83571d69ca9842853d88a2803,y,0,y,32,32,n,30,caching,612,63,http://172.20.39.2:80/payload.txt,30,30,66500000,21490000,102260000,70.45,10.02,0.85,20,98.59,2995,10020000000,2.5165824e+06,0,0,0,0,299.01,250869.76
131d69be95b87d63bd88aa2df9e2983a,y,0,y,16,32,n,30,nocaching,612,63,http://172.29.16.2:80/payload.txt,30,30,53120000,28000000,103540000,56.42,9.99,0.55,20,99.23,2990,10010000000,2.50609664e+06,0,0,0,0,298.58,250511.36
14e8b97a716ff958a9586f892e360f61,y,60,y,64,16,n,30,nocaching,612,63,http://172.18.12.2:80/payload.txt,30,30,97010000,8470000,179250000,98.01,10.22,1.56,30,97.39,3061,10010000000,2.57949696e+06,0,0,0,0,305.72,258007.04
1555f0ae03c45f93767e4f84e83743ba,n,0,y,64,64,n,30,caching,612,63,http://172.34.15.2:80/payload.txt,30,30,7300000,7290000,37990000,81.42,68.33,104.84,770,92.75,14114,10020000000,1.183842304e+07,0,0,0,0,1409.26,1.18489088e+06
16bd104c9d881af1fc7a11095da1c965,y,60,y,8,8,n,30,caching,612,63,http://172.37.17.2:80/payload.txt,30,30,22790000,1350000,43400000,97.16,41.76,9.71,50,94.07,2800,10010000000,2.359296e+06,0,0,0,0,279.65,236011.52
18136ac24b0801d1577075fa2ff1e82b,y,0,y,8,32,y,30,nocaching,612,63,http://172.29.16.2:80/payload.txt,30,30,49290000,27370000,100750000,58.48,10.08,0.93,20,98.87,3025,10010000000,2.53755392e+06,0,0,0,0,302.05,253419.52
185d3a1cf4a9ed5d63fdfb1f3b9eb1e9,n,0,y,32,32,y,30,nocaching,612,63,http://172.34.15.2:80/payload.txt,30,30,7250000,7260000,32020000,81.63,69.31,113.57,1050,92.75,14114,10040000000,1.183842304e+07,0,0,0,0,1405.8,1.17440512e+06
18671cac348407e1aad159b676966b9f,y,60,y,8,32,n,30,nocaching,612,63,http://172.34.15.2:80/payload.txt,30,30,22940000,1400000,40310000,97.09,41.76,9.28,50,94.39,2800,10010000000,2.359296e+06,0,0,0,0,279.64,236001.28
18d1a6a476c9bc96dfdb5721db7877d5,y,60,y,64,8,n,30,caching,612,63,http://172.35.31.2:80/payload.txt,30,30,96520000,9170000,176370000,97.79,10.27,1.8,30,96.61,3074,10010000000,2.58998272e+06,0,0,0,0,307.06,259143.68
1a39f5afd5bd2482d748bce32684732e,n,60,y,8,8,y,30,caching,612,63,http://172.21.18.2:80/payload.txt,30,30,90900000,280470000,1520000000,90.64,122.35,239.35,1010,92.36,14000,10040000000,1.181745152e+07,0,0,0,0,1394.85,1.17440512e+06
1b643caec637324981c7f30e2d294980,y,0,y,8,64,n,30,caching,612,63,http://172.29.16.2:80/payload.txt,30,30,50590000,27990000,102480000,57.86,10.04,1,20,98.32,3002,10020000000,2.5165824e+06,0,0,0,0,299.74,251484.16
1ccacaf9e07e5f86a0473fd933739274,y,60,y,8,64,y,30,caching,612,63,http://172.29.16.2:80/payload.txt,30,30,22680000,1300000,32170000,97.62,41.79,10.28,60,93.62,2794,10010000000,2.359296e+06,0,0,0,0,279.05,235509.76
1cf7c172a2973049739b39c9a49b78ac,y,0,y,64,32,y,30,caching,612,63,http://172.34.15.2:80/payload.txt,30,30,49090000,27790000,100900000,57.42,10.06,0.93,20,98.79,3011,10010000000,2.52706816e+06,0,0,0,0,300.71,252303.36
1dc370b41f047b2e76370fff07265d94,y,0,y,32,32,y,30,nocaching,612,63,http://172.28.22.2:80/payload.txt,30,30,49090000,27410000,100570000,57.96,10.11,1.1,20,98.6,3033,10010000000,2.54803968e+06,0,0,0,0,302.89,254126.08
1e44d799ec9976ba7bc44f0c22888108,y,60,y,64,32,y,30,caching,612,63,http://172.37.17.2:80/payload.txt,30,30,96000000,8400000,181960000,98.13,10.32,1.81,30,96.63,3094,10010000000,2.61095424e+06,0,0,0,0,308.99,260771.84
201b6c137b88587ced71e3ffd01d8c62,y,0,y,8,32,y,30,caching,612,63,http://172.23.19.2:80/payload.txt,30,30,49750000,27160000,100680000,59.06,10.11,1.05,20,98.8,3031,10010000000,2.54803968e+06,0,0,0,0,302.74,254003.2
228291403403b322a95bbb27d7bbdd2e,y,0,y,32,16,n,30,caching,612,63,http://172.34.15.2:80/payload.txt,30,30,60380000,25100000,101460000,59.89,10.09,1.02,20,98.76,3024,10010000000,2.53755392e+06,0,0,0,0,302.07,253440
242d4351b244de4730b5a4c43feb293a,y,60,y,32,8,y,30,nocaching,612,63,http://172.32.26.2:80/payload.txt,30,30,96850000,8720000,177250000,97.23,10.23,1.55,30,97.56,3066,10010000000,2.58998272e+06,0,0,0,0,306.18,258396.16
25963d4c6832ac6cfa8933e3dfc070da,y,60,y,8,32,y,30,caching,612,63,http://172.21.18.2:80/payload.txt,30,30,22740000,1290000,29850000,97.19,41.7,10.03,60,93.47,2800,10020000000,2.359296e+06,0,0,0,0,279.52,235909.12
2608f975fa5a8dc979c17279351fdb93,y,60,y,8,8,n,30,nocaching,612,63,http://172.34.15.2:80/payload.txt,30,30,22760000,1310000,33230000,97.08,41.84,9.8,50,94.36,2799,10010000000,2.359296e+06,0,0,0,0,279.5,235888.64
275d6fadf958236942d2cb1696d18d96,y,60,y,32,64,n,30,caching,612,63,http://172.39.36.2:80/payload.txt,30,30,96060000,8770000,178170000,97.96,10.32,1.87,30,96.35,3091,10010000000,2.61095424e+06,0,0,0,0,308.65,260485.12
2892d05d0f0216b621e7c2160e8bf1ff,n,60,y,16,16,y,30,nocaching,612,63,http://172.19.13.2:80/payload.txt,30,30,230980000,313230000,999270000,79.69,166.25,203.65,1010,89.09,30000,10020000000,2.53231104e+07,0,0,0,0,2993.82,2.52706816e+06
2dc8319ec882d4b0b769a5061cb2b716,n,60,y,64,16,y,30,caching,612,63,http://172.17.37.2:80/payload.txt,30,30,434110,191320,8610000,94.78,2320,181.86,2730,67.2,692124,10000000000,5.8411974656e+08,0,0,0,0,69198.28,5.839519744e+07
2f123f4a3c3bbd61980ccf7879496309,y,0,y,8,8,n,30,nocaching,612,63,http://172.37.17.2:80/payload.txt,30,30,64350000,23720000,101990000,58.02,10,0.64,20,99.06,2992,10010000000,2.50609664e+06,0,0,0,0,298.82,250716.16
30fd13f1ffffaba4221ddef3893ba0f4,n,0,y,16,16,y,30,caching,612,63,http://172.15.34.2:80/payload.txt,30,30,7400000,7120000,39390000,79.25,67.6,115.15,1100,94.26,14114,10030000000,1.183842304e+07,0,0,0,0,1407.2,1.18489088e+06
315a4b29ab45a7a2860cb33d13a49ead,y,0,y,8,32,n,30,caching,612,63,http://172.35.31.2:80/payload.txt,30,30,52260000,27930000,102770000,56.46,10.05,0.92,20,98.66,3009,10010000000,2.52706816e+06,0,0,0,0,300.55,252160
31ffa48ef9dddcf38f899f5097ff0a35,y,0,y,32,8,y,30,nocaching,612,63,http://172.38.33.2:80/payload.txt,30,30,49030000,27430000,100610000,57.8,10.13,1.17,20,98.53,3038,10010000000,2.54803968e+06,0,0,0,0,303.48,254617.6
328cd0fa180a7d9fb0647c7f9f9df557,n,60,y,8,16,n,30,nocaching,612,63,http://172.29.16.2:80/payload.txt,30,30,425920000,599530000,1990000000,79.97,383.59,400.82,1010,75.93,14197,10010000000,1.198522368e+07,0,0,0,0,1417.62,1.19537664e+06
33387c44dde6dd0f4d57ee63c84ff11c,y,0,y,64,32,y,30,nocaching,612,63,http://172.29.16.2:80/payload.txt,30,30,49490000,27560000,101230000,58.03,10.07,0.87,20,98.9,3019,10010000000,2.53755392e+06,0,0,0,0,301.51,252968.96
334163a970e75472aff9a1433a47f335,y,60,y,64,64,y,30,nocaching,612,63,http://172.29.16.2:80/payload.txt,30,30,96430000,8460000,184650000,98.09,10.28,1.69,30,97.06,3081,10010000000,2.60046848e+06,0,0,0,0,307.79,259758.08
336810690b547805d3ab7af10507c7e0,y,60,y,32,32,n,30,nocaching,612,63,http://172.15.34.2:80/payload.txt,30,30,96940000,8490000,186100000,97.88,10.22,1.55,30,97.49,3064,10010000000,2.58998272e+06,0,0,0,0,305.97,258232.32
3539ea61c67cd2233d6cebb7a26517c5,n,60,y,16,8,y,30,nocaching,612,63,http://172.37.17.2:80/payload.txt,30,30,226870000,308760000,984520000,79.74,193.5,233.3,1010,86.34,30000,10010000000,2.53231104e+07,0,0,0,0,2995.83,2.52706816e+06
35d48e6c2206e56d91e8a057dd51b186,n,0,y,16,8,y,30,nocaching,612,63,http://172.28.22.2:80/payload.txt,30,30,7600000,7610000,39460000,81.54,65.65,110.09,1000,93.04,14114,10020000000,1.183842304e+07,0,0,0,0,1407.94,1.18489088e+06
363dc01de735c9d226eb2e1300c72a75,n,0,y,8,32,y,30,nocaching,612,63,http://172.24.10.2:80/payload.txt,30,30,67830000,130220000,511250000,85.06,58.11,75.03,470,92.11,14108,10020000000,1.183842304e+07,0,0,0,0,1407.89,1.18489088e+06
37d96d406a289d43fc291ad07c94f40c,y,60,y,64,32,n,30,nocaching,612,63,http://172.27.14.2:80/payload.txt,30,30,96840000,8870000,176470000,97.88,10.24,1.65,30,97.15,3065,10010000000,2.58998272e+06,0,0,0,0,306.1,258334.72
396d3132f16f274d7740e12fbd1bd2a8,n,60,y,16,16,n,30,caching,612,63,http://172.14.11.2:80/payload.txt,30,30,229160000,307280000,987210000,79.59,378.73,426.33,1010,67.47,30380,10010000000,2.56376832e+07,0,0,0,0,3033.49,2.55852544e+06
3ad40913d0fb51f452efda58dfa974b2,y,60,y,16,32,y,30,caching,612,63,http://172.33.30.2:80/payload.txt,30,30,62010000,109710000,1620000000,98.13,20,3.69,40,92.6,3061,10010000000,2.57949696e+06,0,0,0,0,305.77,258048
3c3ae95b8e5d66c87e64b9dac86b7e8d,n,60,y,16,16,y,30,caching,612,63,http://172.24.10.2:80/payload.txt,30,30,231210000,313550000,1020000000,79.69,243.34,318.17,1010,82.7,30000,10040000000,2.53231104e+07,0,0,0,0,2989.46,2.52706816e+06
3c81fcd438c8638955dbd78e10d0fe7c,n,60,y,64,32,y,30,nocaching,612,63,http://172.39.36.2:80/payload.txt,30,30,392210,154360,6880000,93.95,2540,246.55,6700,84.39,759987,10100000000,6.4139296768e+08,0,0,0,0,75246.32,6.350176256e+07
3c9cc9daa846c29b27e555764071f0f8,y,0,y,16,16,n,30,caching,612,63,http://172.16.29.2:80/payload.txt,30,30,52660000,27910000,103860000,56.8,9.99,0.52,20,99.2,2993,10020000000,2.50609664e+06,0,0,0,0,298.81,250695.68
3e75292b2347d14b005f405c0ef75bb7,y,60,y,16,32,y,30,nocaching,612,63,http://172.24.10.2:80/payload.txt,30,30,62000000,109810000,1610000000,98.12,20.03,3.69,40,92.6,3061,10010000000,2.57949696e+06,0,0,0,0,305.67,257976.32
3e790fdb9fa2d545045dc4f3fc6673e0,n,60,y,32,8,n,30,nocaching,612,63,http://172.29.16.2:80/payload.txt,30,30,454380,482170,55240000,98.43,2290,173.32,2880,65.14,682682,10100000000,5.7615056896e+08,0,0,0,0,67596.23,5.705302016e+07
3ebb1dfb04b4049d9601478531ed235b,n,60,y,8,16,y,30,caching,612,63,http://172.30.21.2:80/payload.txt,30,30,91290000,281160000,1520000000,90.63,103.48,208.57,1010,95,14000,10020000000,1.181745152e+07,0,0,0,0,1396.96,1.17440512e+06
3ecb44e076ed74113b2bdec4a9ca69f7,n,0,y,8,16,n,30,nocaching,612,63,http://172.34.15.2:80/payload.txt,30,30,7330000,6890000,35540000,80.96,68.3,102.1,747,92.13,14114,10020000000,1.183842304e+07,0,0,0,0,1408.22,1.18489088e+06
3f1c1782c4bdf11ba23f3e994e9e580f,y,0,y,32,8,n,30,caching,612,63,http://172.17.37.2:80/payload.txt,30,30,62670000,25170000,104760000,56.9,9.96,0.6,20,98.69,2972,10010000000,2.49561088e+06,0,0,0,0,296.82,249036.8
3f270a1aac3e0a707c899651bf62e431,y,0,y,64,8,n,30,caching,612,63,http://172.36.28.2:80/payload.txt,30,30,64900000,22810000,101800000,66.67,10.06,0.84,20,98.96,3015,10010000000,2.52706816e+06,0,0,0,0,301.22,252723.2
3f62413ba226c32c3e6c7ed6b4c713d9,n,0,y,16,64,n,30,nocaching,612,63,http://172.37.17.2:80/payload.txt,30,30,7510000,6800000,40450000,80.64,66.26,88.37,555,91.57,14114,10010000000,1.183842304e+07,0,0,0,0,1409.47,1.18489088e+06
40308fb5fe9d66c7b6247f9d6bae9687,n,0,y,8,16,n,30,caching,612,63,http://172.37.17.2:80/payload.txt,30,30,7460000,7280000,39290000,81.15,66.87,91.99,600,91.49,14114,10010000000,1.183842304e+07,0,0,0,0,1409.45,1.18489088e+06
414d9e48fbd8e0013fb797b8fa3d2965,n,60,y,32,32,n,30,nocaching,612,63,http://172.17.37.2:80/payload.txt,30,30,672050,154480,7130000,96.41,1490,195.29,12050,99.97,445053,10100000000,3.755999232e+08,0,0,0,0,44067.89,3.719299072e+07
4318253beb6a5389f1417d9285ccba75,y,60,y,16,16,n,30,caching,612,63,http://172.24.10.2:80/payload.txt,30,30,61940000,109390000,1610000000,98.13,20.03,3.74,40,92.19,3061,10010000000,2.57949696e+06,0,0,0,0,305.71,258007.04
43def0ee84ac860fa1e41c0b9048320d,y,60,y,16,16,y,30,caching,612,63,http://172.29.16.2:80/payload.txt,30,30,61700000,109140000,1610000000,98.13,19.99,3.86,40,91.27,3071,10010000000,2.58998272e+06,0,0,0,0,306.77,258897.92
44cf35b311d6e5f85b4c5be2160e5ab8,n,60,y,16,64,n,30,caching,612,63,http://172.37.17.2:80/payload.txt,30,30,222980000,304760000,983460000,79.75,212.71,310.65,1010,86.4,30001,10020000000,2.53231104e+07,0,0,0,0,2995.41,2.52706816e+06
44ef97e9e48168f763ea6771abe4bee7,y,0,y,64,16,y,30,nocaching,612,63,http://172.39.36.2:80/payload.txt,30,30,49030000,27500000,101270000,58.42,10.06,0.88,20,98.9,3016,10020000000,2.52706816e+06,0,0,0,0,301.13,252651.52
466ccf7ddcfa229c98cde446adce532c,y,60,y,16,8,y,30,nocaching,612,63,http://172.34.15.2:80/payload.txt,30,30,61470000,108780000,1610000000,98.14,20.08,3.99,40,90.21,3079,10010000000,2.60046848e+06,0,0,0,0,307.49,259502.08
467d90510b639a300966e668244da0d9,y,60,y,16,8,y,30,caching,612,63,http://172.18.12.2:80/payload.txt,30,30,61390000,108720000,1610000000,98.14,20.12,3.99,40,90.27,3084,10020000000,2.60046848e+06,0,0,0,0,307.93,259880.96
479be071cf41b8659c039dda7d2afafe,n,60,y,16,64,y,30,caching,612,63,http://172.11.35.2:80/payload.txt,30,30,230610000,312880000,1010000000,79.67,237.65,314.5,1010,82.26,30000,10030000000,2.53231104e+07,0,0,0,0,2989.87,2.52706816e+06
48f1856a7fbfcf1c6d371e10746a8da5,y,60,y,32,32,y,30,caching,612,63,http://172.32.26.2:80/payload.txt,30,30,97030000,9020000,185310000,97.97,10.21,1.58,30,97.42,3059,10010000000,2.57949696e+06,0,0,0,0,305.61,257914.88
4986b4508074226f322f03f1095c64e1,y,60,y,8,16,n,30,caching,612,63,http://172.34.15.2:80/payload.txt,30,30,22740000,1300000,30070000,97.05,41.75,10.22,60,93.77,2796,10020000000,2.359296e+06,0,0,0,0,279.18,235612.16
4a309359cc18d5bbc00f165e2cac035c,y,60,y,32,8,n,30,nocaching,612,63,http://172.35.31.2:80/payload.txt,30,30,96530000,8830000,178410000,97.95,10.27,1.73,30,96.88,3075,10020000000,2.58998272e+06,0,0,0,0,307.04,259123.2
4acac519cdff478ecd026d2424c4097a,n,0,y,8,64,n,30,caching,612,63,http://172.34.15.2:80/payload.txt,30,30,7280000,7250000,34360000,82.24,68.76,106.76,777,92.71,14114,10020000000,1.183842304e+07,0,0,0,0,1409.25,1.18489088e+06
4b8e2e8b6d93e2e8c871490daf26a441,n,0,y,64,16,n,30,nocaching,612,63,http://172.12.38.2:80/payload.txt,30,30,7290000,6590000,33990000,73.86,68.34,102,700,92.71,14114,10020000000,1.183842304e+07,0,0,0,0,1409.15,1.18489088e+06
4bd6284e7f34eb9e246e54ad0c2d6c7a,y,60,y,8,8,y,30,nocaching,612,63,http://172.15.34.2:80/payload.txt,30,30,22690000,1560000,36450000,95.65,42.06,9.5,60,93.31,2780,10010000000,2.34881024e+06,0,0,0,0,277.61,234291.2
4c2f5778afe839db993e496d5190d500,n,60,y,32,8,y,30,nocaching,612,63,http://172.37.17.2:80/payload.txt,30,30,595470,180700,8950000,96.02,1680,193.73,6050,99.77,504043,10100000000,4.2538631168e+08,0,0,0,0,49906.8,4.212129792e+07
4d753266a04eca90b6b43f37f45cf331,y,0,y,16,16,n,30,nocaching,612,63,http://172.24.10.2:80/payload.txt,30,30,54200000,27680000,102200000,56.62,10,0.51,20,99.16,2999,10020000000,2.5165824e+06,0,0,0,0,299.43,251228.16
4d7e4311781f15fa1c760e9dcb84aa5e,n,60,y,32,64,y,30,caching,612,63,http://172.17.37.2:80/payload.txt,30,30,433550,193110,8630000,94.3,2320,356.63,14180,95.27,693267,10100000000,5.8508443648e+08,0,0,0,0,68639.88,5.7933824e+07
51167078c8f674951be4342cae8a8f58,y,60,y,64,8,y,30,caching,612,63,http://172.30.21.2:80/payload.txt,30,30,97050000,8530000,187220000,98.1,10.21,1.54,30,97.49,3060,10020000000,2.57949696e+06,0,0,0,0,305.53,257853.44
5198777188109d80069d4db25130616f,n,60,y,8,32,y,30,caching,612,63,http://172.32.26.2:80/payload.txt,30,30,90920000,280430000,1520000000,90.64,184.61,328.8,1010,85.44,14000,10030000000,1.181745152e+07,0,0,0,0,1395.61,1.17440512e+06
5207624b663e03cca7d61bc71b845e97,y,0,y,32,8,n,30,nocaching,612,63,http://172.29.16.2:80/payload.txt,30,30,52480000,27770000,101710000,56.38,10.06,0.84,20,98.86,3015,10010000000,2.52706816e+06,0,0,0,0,301.09,252620.8
53ca86cf403b6f1ddb0dad4cf2319797,y,60,y,32,16,n,30,nocaching,612,63,http://172.37.17.2:80/payload.txt,30,30,96730000,8480000,175770000,97.95,10.25,1.66,30,97.05,3071,10010000000,2.58998272e+06,0,0,0,0,306.64,258795.52
53f152749fb6044dc6afe44412abe5fb,y,0,y,8,16,y,30,nocaching,612,63,http://172.32.26.2:80/payload.txt,30,30,51440000,27190000,102180000,57.13,9.98,0.38,20,99.46,2988,10010000000,2.50609664e+06,0,0,0,0,298.42,250378.24
53fb03fe57330b331b38b575b472eb1c,y,60,y,16,64,y,30,caching,612,63,http://172.38.33.2:80/payload.txt,30,30,61350000,108800000,1610000000,98.14,20.15,3.99,40,90.2,3085,10010000000,2.60046848e+06,0,0,0,0,308.12,260044.8
552ad9cb8125e3b85fcdcd71156b2b7e,n,60,y,32,64,y,30,nocaching,612,63,http://172.16.29.2:80/payload.txt,30,30,392780,166400,7060000,91.69,2560,342.15,7330,80.38,766359,10100000000,6.4677216256e+08,0,0,0,0,75879.71,6.403653632e+07
566d57152a85b2a6de789dd240c45206,y,0,y,16,64,y,30,caching,612,63,http://172.37.17.2:80/payload.txt,30,30,49750000,14970000,96430000,75.6,10.01,0.64,20,99.13,2996,10010000000,2.5165824e+06,0,0,0,0,299.27,251095.04
593373f9ab0040131867c17d188f990d,n,0,y,32,64,y,30,nocaching,612,63,http://172.13.32.2:80/payload.txt,30,30,7300000,7160000,40260000,81.74,68.9,112.7,1040,94.15,14114,10050000000,1.183842304e+07,0,0,0,0,1405,1.17440512e+06
5992072251da6d90e7a15a3ddb7edfe1,n,60,y,64,32,n,30,caching,612,63,http://172.34.15.2:80/payload.txt,30,30,1550000,6410000,56380000,96.42,2420,474.51,3420,91.97,722302,10100000000,6.095896576e+08,0,0,0,0,71513.61,6.035603456e+07
5a2199639e0c2fd2bbd5a43580516bd5,n,0,y,8,64,y,30,caching,612,63,http://172.29.16.2:80/payload.txt,30,30,7170000,6880000,40160000,79.65,69.75,111.99,900,94.08,14114,10020000000,1.183842304e+07,0,0,0,0,1408.69,1.18489088e+06
5ab356b5f1fef540f14cdaa48c841898,n,0,y,16,64,y,30,nocaching,612,63,http://172.34.15.2:80/payload.txt,30,30,41360000,102190000,512730000,90.33,59.33,72.31,460,93.77,14111,10030000000,1.183842304e+07,0,0,0,0,1407.08,1.18489088e+06
6104c247955a4b3562c9c8bd20850b05,y,60,y,32,16,y,30,caching,612,63,http://172.35.31.2:80/payload.txt,30,30,96980000,8660000,189710000,97.78,10.22,1.56,30,97.45,3063,10010000000,2.58998272e+06,0,0,0,0,305.95,258201.6
617694d5a51b909277144400786b4b42,y,0,y,16,8,y,30,caching,612,63,http://172.29.16.2:80/payload.txt,30,30,49500000,27220000,100460000,59.09,10.1,1.05,20,98.53,3031,10010000000,2.54803968e+06,0,0,0,0,302.72,253982.72
61e87e13de076d07d6ea727c0fcae26b,n,0,y,32,16,n,30,nocaching,612,63,http://172.26.25.2:80/payload.txt,30,30,7510000,6750000,34040000,72.11,66.39,101.97,720,92.96,14114,10010000000,1.183842304e+07,0,0,0,0,1409.36,1.18489088e+06
629dfa19a6548a7c5b49ad824bbd3bda,y,60,y,16,32,n,30,nocaching,612,63,http://172.12.38.2:80/payload.txt,30,30,62450000,111190000,1630000000,98.12,19.81,3.84,40,91.77,3048,10010000000,2.5690112e+06,0,0,0,0,304.37,256870.4
646252f50aa71557c0733ecbd92a13bd,n,0,y,8,8,n,30,caching,612,63,http://172.37.17.2:80/payload.txt,30,30,7510000,7130000,49120000,81.32,66.39,90.78,585,90.42,14114,10020000000,1.183842304e+07,0,0,0,0,1409.26,1.18489088e+06
6471563b839f78769103f2c0af951972,n,60,y,16,8,n,30,caching,612,63,http://172.24.10.2:80/payload.txt,30,30,229220000,307160000,983660000,79.55,439.32,467.53,1010,59.93,30083,10010000000,2.538602496e+07,0,0,0,0,3004.02,2.53755392e+06
66a2d29e08791d09461ce9cc0b860e2a,n,0,y,64,64,n,30,nocaching,612,63,http://172.37.17.2:80/payload.txt,30,30,7510000,6940000,36890000,81.87,66.39,88.77,565,91.27,14114,10010000000,1.183842304e+07,0,0,0,0,1409.73,1.18489088e+06
68702555216ac1eabb4350f5636abb0c,y,60,y,32,8,y,30,caching,612,63,http://172.24.10.2:80/payload.txt,30,30,96300000,8450000,181480000,98.02,10.29,1.74,30,96.88,3084,10010000000,2.60046848e+06,0,0,0,0,307.95,259891.2
690290cc32bccf663701666d2840f5a0,y,60,y,8,16,n,30,nocaching,612,63,http://172.34.15.2:80/payload.txt,30,30,22920000,1370000,33790000,97.01,41.73,9.58,60,93.78,2794,10010000000,2.359296e+06,0,0,0,0,279.05,235509.76
695e1f1704c86768e47b585a139f040a,y,60,y,16,16,y,30,nocaching,612,63,http://172.28.22.2:80/payload.txt,30,30,61700000,109380000,1620000000,98.13,19.99,3.91,40,90.89,3073,10020000000,2.58998272e+06,0,0,0,0,306.83,258949.12
6b69987329b5ddf4fc3a8084714b0ac9,n,0,y,8,8,n,30,nocaching,612,63,http://172.17.37.2:80/payload.txt,30,30,7570000,6910000,36110000,81.33,65.61,86.93,560,90.26,14114,10010000000,1.183842304e+07,0,0,0,0,1409.53,1.18489088e+06
6b865c224b533e5af8d48123f11fef8e,y,0,y,32,16,y,30,nocaching,612,63,http://172.32.26.2:80/payload.txt,30,30,50630000,27540000,102500000,58.57,9.97,0.49,20,99.13,2981,10010000000,2.50609664e+06,0,0,0,0,297.75,249804.8
6ba37ca1731d612821e06aec660b4470,n,60,y,8,8,n,30,caching,612,63,http://172.24.10.2:80/payload.txt,30,30,406400000,579130000,1990000000,80.06,377.39,397.67,990,73.17,14170,10010000000,1.19537664e+07,0,0,0,0,1415.12,1.19537664e+06
6ba46483a0d1d0b8b094f9d9d89aadab,y,0,y,8,16,n,30,caching,612,63,http://172.39.36.2:80/payload.txt,30,30,52160000,27660000,103310000,56.34,10.12,1.11,20,98.36,3035,10010000000,2.54803968e+06,0,0,0,0,303.08,254289.92
6d4887c0ca6ff06651ebafb64cd636ef,n,60,y,32,64,n,30,nocaching,612,63,http://172.12.38.2:80/payload.txt,30,30,462600,677090,55210000,98.03,2340,215.48,2770,67.06,699450,10100000000,5.902958592e+08,0,0,0,0,69222.73,5.841616896e+07
6ebebb03616a94497fb739e7c37ff88e,y,60,y,32,16,y,30,nocaching,612,63,http://172.39.36.2:80/payload.txt,30,30,96070000,8450000,181350000,98.12,10.31,1.81,30,96.59,3091,10020000000,2.61095424e+06,0,0,0,0,308.62,260464.64
6ffffd86cd83ca7fc1c21fbacecbd8c0,n,60,y,16,32,y,30,caching,612,63,http://172.39.36.2:80/payload.txt,30,30,231160000,313550000,1020000000,79.71,237.4,315.89,1010,82.53,30000,10030000000,2.53231104e+07,0,0,0,0,2989.61,2.52706816e+06
70d63c6af7e97aa3e58cd708e3679298,n,60,y,16,8,y,30,caching,612,63,http://172.15.34.2:80/payload.txt,30,30,232370000,314900000,1010000000,79.57,237.31,343.92,2020,84.15,30200,10030000000,2.549088256e+07,0,0,0,0,3009.71,2.53755392e+06
71c0343361792f2cccce3fd1b6cf7f13,n,0,y,8,8,y,30,nocaching,612,63,http://172.32.26.2:80/payload.txt,30,30,50930000,113870000,514960000,88.06,58.82,74.52,460,92.71,14110,10020000000,1.183842304e+07,0,0,0,0,1408.22,1.18489088e+06
71ccdf05f4ea75f48992bb9bb281e071,n,60,y,16,16,n,30,nocaching,612,63,http://172.23.19.2:80/payload.txt,30,30,224640000,305350000,986700000,79.72,443.01,459.41,1010,63.78,30040,10020000000,2.535456768e+07,0,0,0,0,2998.95,2.52706816e+06
74299a5aa657e4d5972303eed2998018,y,60,y,32,64,n,30,nocaching,612,63,http://172.32.26.2:80/payload.txt,30,30,97580000,8990000,178030000,97.86,10.17,1.51,30,97.45,3042,10010000000,2.5690112e+06,0,0,0,0,303.76,256358.4
7b69d0f40c02350b9428996bbcfb1a1b,n,60,y,8,64,n,30,caching,612,63,http://172.37.17.2:80/payload.txt,30,30,426180000,599650000,1990000000,79.86,440.07,450.29,1010,72.03,14104,10020000000,1.19013376e+07,0,0,0,0,1408.2,1.18489088e+06
7b90d9c68abe7194d8c89800fb45cd62,y,0,y,16,8,y,30,nocaching,612,63,http://172.34.15.2:80/payload.txt,30,30,49330000,27100000,101100000,59.52,10.1,1.02,20,98.87,3029,10010000000,2.53755392e+06,0,0,0,0,302.51,253808.64
7c942b514e438af5aa5fd6a4d5ee0e5b,y,60,y,32,64,y,30,nocaching,612,63,http://172.38.33.2:80/payload.txt,30,30,96820000,8530000,188710000,98.11,10.23,1.58,30,97.39,3067,10020000000,2.58998272e+06,0,0,0,0,306.18,258406.4
7d272495aeaae442ddc4d7d8e3fe102a,n,0,y,32,16,n,30,caching,612,63,http://172.15.34.2:80/payload.txt,30,30,7350000,7810000,34360000,83.69,67.42,104.77,757,92.85,14114,10020000000,1.183842304e+07,0,0,0,0,1409.21,1.18489088e+06
7e02084bbc2a0d7b208254600e0ed95d,y,0,y,32,32,y,30,caching,612,63,http://172.11.35.2:80/payload.txt,30,30,49270000,27330000,101370000,58.92,10.08,0.95,20,98.76,3021,10010000000,2.53755392e+06,0,0,0,0,301.65,253091.84
7f2b6973e35633125f1fcb385570756d,n,0,y,64,8,n,30,nocaching,612,63,http://172.30.21.2:80/payload.txt,30,30,7380000,7040000,34260000,80.28,68.29,99.57,670,91.3,14114,10010000000,1.183842304e+07,0,0,0,0,1409.45,1.18489088e+06
803fc13c4390f74bc24ed2241cd823dd,y,60,y,8,64,n,30,nocaching,612,63,http://172.37.17.2:80/payload.txt,30,30,22760000,1390000,39810000,97.05,41.81,9.66,50,94.06,2800,10010000000,2.359296e+06,0,0,0,0,279.6,235970.56
804b20c6a20a9ed2c897c3f3c8c19c4b,y,60,y,16,16,n,30,nocaching,612,63,http://172.34.15.2:80/payload.txt,30,30,55350000,77490000,1600000000,99,20.2,3.22,40,92.86,3000,10010000000,2.52706816e+06,0,0,0,0,299.56,252815.36
819400f7d4fafa9cde396ce97ded4e74,y,0,y,64,64,n,30,nocaching,612,63,http://172.24.10.2:80/payload.txt,30,30,50720000,27980000,102400000,58.09,10.04,0.96,20,98.49,3004,10010000000,2.5165824e+06,0,0,0,0,300.04,251740.16
820148141257e6863dee86d3af618d33,n,0,y,32,8,n,30,caching,612,63,http://172.32.26.2:80/payload.txt,30,30,7330000,7710000,36540000,82.5,68.33,102.5,717,91.3,14114,10010000000,1.183842304e+07,0,0,0,0,1409.68,1.18489088e+06
82551553ea6440a646475cdd6daeb873,n,60,y,32,32,n,30,caching,612,63,http://172.34.15.2:80/payload.txt,30,30,2030000,7800000,165100000,95.17,2370,502.14,3370,86.62,706735,10050000000,5.9645100032e+08,0,0,0,0,70338.39,5.935988736e+07
864db5568fd77a3fe102ea90930181e4,y,0,y,16,64,n,30,caching,612,63,http://172.34.15.2:80/payload.txt,30,30,52380000,27700000,102400000,56.49,10.1,1.05,20,98.76,3027,10010000000,2.53755392e+06,0,0,0,0,302.29,253624.32
86aedcca6705ff0ed746227088e79108,y,0,y,32,64,y,30,caching,612,63,http://172.28.22.2:80/payload.txt,30,30,48720000,27600000,100750000,57.82,10.08,0.96,20,98.83,3025,10010000000,2.53755392e+06,0,0,0,0,302.07,253440
86e4548e03d0f606fd2deb2cd395ad86,n,0,y,32,64,n,30,nocaching,612,63,http://172.27.14.2:80/payload.txt,30,30,7480000,6830000,37770000,78.56,67.19,97.28,676,92.87,14114,10010000000,1.183842304e+07,0,0,0,0,1409.54,1.18489088e+06
8a4f21126ef7e13497c86ef4a5557a25,y,60,y,8,16,y,30,nocaching,612,63,http://172.11.35.2:80/payload.txt,30,30,22820000,1320000,28930000,96.94,41.78,9.6,60,93.93,2800,10010000000,2.359296e+06,0,0,0,0,279.59,235960.32
8aea8e1bd89620c3b29ded78cd72d063,y,60,y,16,64,y,30,nocaching,612,63,http://172.19.13.2:80/payload.txt,30,30,62010000,109820000,1620000000,98.12,20,3.69,40,92.6,3060,10010000000,2.57949696e+06,0,0,0,0,305.66,257966.08
8b6bb8c4613ee2d33060c112f17c1f7f,n,60,y,64,32,n,30,nocaching,612,63,http://172.32.26.2:80/payload.txt,30,30,497440,990000,55330000,98.16,2230,185.86,3140,69.12,667659,10100000000,5.6347328512e+08,0,0,0,0,66103.19,5.57842432e+07
8bb575474650d21e85f6750b108e4d0e,n,60,y,8,8,y,30,nocaching,612,63,http://172.14.11.2:80/payload.txt,30,30,91410000,281390000,1520000000,90.6,103.62,209.19,1010,95,14000,10020000000,1.181745152e+07,0,0,0,0,1397.86,1.18489088e+06
8e8772135cfd643c11510000987a5f65,n,60,y,64,64,y,30,nocaching,612,63,http://172.38.33.2:80/payload.txt,30,30,377800,169870,6710000,91.76,2680,334.43,3380,63.77,799085,10010000000,6.743916544e+08,0,0,0,0,79863.4,6.740246528e+07
8f8fd8054dde128dbee4275b2275221f,n,60,y,32,8,n,30,caching,612,63,http://172.32.26.2:80/payload.txt,30,30,419210,510810,51070000,98.35,2470,232.56,3510,82.41,739098,10100000000,6.2376640512e+08,0,0,0,0,73178.49,6.17611264e+07
8fe3f2813cfe2fb662da4055725b170c,n,60,y,32,32,y,30,nocaching,612,63,http://172.27.14.2:80/payload.txt,30,30,398510,162730,7050000,92.87,2510,287.83,7090,82.65,749732,10100000000,6.3273172992e+08,0,0,0,0,74227.52,6.264193024e+07
9116f7d247bef30bb8a418f5571c838c,n,60,y,8,32,y,30,nocaching,612,63,http://172.27.14.2:80/payload.txt,30,30,91220000,281020000,1520000000,90.64,103.69,209.5,1010,95,14000,10020000000,1.181745152e+07,0,0,0,0,1396.87,1.17440512e+06
918c2306f933d28583fa20717822f8ad,n,0,y,8,16,y,30,caching,612,63,http://172.18.12.2:80/payload.txt,30,30,67910000,130190000,509170000,85.06,58.28,77.35,525,93.85,14108,10030000000,1.183842304e+07,0,0,0,0,1406.18,1.18489088e+06
91f3ffb5a1af1a9ec91c130a513c91ad,n,60,y,64,64,n,30,caching,612,63,http://172.34.15.2:80/payload.txt,30,30,1510000,6220000,56560000,96.4,2410,443.77,3370,89.93,721031,10100000000,6.0850962432e+08,0,0,0,0,71387,6.025117696e+07
9319b30fc9c318443429d019d080564b,n,60,y,8,16,n,30,caching,612,63,http://172.13.32.2:80/payload.txt,30,30,425280000,598510000,1990000000,80.02,413.28,424.32,1010,71.28,14205,10010000000,1.198522368e+07,0,0,0,0,1418.41,1.19537664e+06
94acf2bf9070216a06064452927a9532,y,0,y,64,16,n,30,caching,612,63,http://172.39.36.2:80/payload.txt,30,30,53170000,26800000,101350000,59.93,10.09,1.03,20,98.6,3027,10010000000,2.53755392e+06,0,0,0,0,302.4,253706.24
95431cd3b0671952cbabd2a5a903197e,n,0,y,16,16,n,30,caching,612,63,http://172.39.36.2:80/payload.txt,30,30,7350000,7420000,40560000,82.54,68.26,103.99,777,92.76,14114,10020000000,1.183842304e+07,0,0,0,0,1409.19,1.18489088e+06
95a22896f2d3b59a2ea885fcdce450e6,y,60,y,16,64,n,30,caching,612,63,http://172.26.25.2:80/payload.txt,30,30,61590000,108840000,1610000000,98.13,20.01,3.98,40,90.78,3068,10010000000,2.58998272e+06,0,0,0,0,306.38,258570.24
95b1b1a2cef1294aedde60adaffbbc75,n,0,y,32,64,n,30,caching,612,63,http://172.13.32.2:80/payload.txt,30,30,7260000,7790000,33980000,82.68,69.34,105.25,780,92.65,14114,10020000000,1.183842304e+07,0,0,0,0,1408.74,1.18489088e+06
9880c4d7af24ad652b2085b9f65f48a8,n,60,y,64,16,n,30,nocaching,612,63,http://172.24.10.2:80/payload.txt,30,30,485260,277520,6780000,95.69,2150,198.06,2640,69.63,640355,10000000000,5.4042558464e+08,0,0,0,0,64014.6,5.402263552e+07
988cfdcc194e65972ca5cd9da6653f2e,y,60,y,32,64,y,30,caching,612,63,http://172.34.15.2:80/payload.txt,30,30,96110000,8250000,177890000,98.03,10.32,1.85,30,96.35,3092,10010000000,2.61095424e+06,0,0,0,0,308.79,260597.76
98afb90ac7164b8f5b297a2a4e2a7f0c,y,0,y,8,8,y,30,nocaching,612,63,http://172.13.32.2:80/payload.txt,30,30,49740000,27430000,101310000,58.97,10.05,0.78,20,99.2,3010,10010000000,2.52706816e+06,0,0,0,0,300.58,252190.72
99788cbe6a9d724f83c069e28ca0623f,y,60,y,8,64,y,30,nocaching,612,63,http://172.39.36.2:80/payload.txt,30,30,22970000,1450000,30370000,95.31,41.54,9.54,60,93.32,2792,10010000000,2.359296e+06,0,0,0,0,278.83,235325.44
9cfadd02a5458a27583d35aa875444cf,y,0,y,64,16,y,30,caching,612,63,http://172.11.35.2:80/payload.txt,30,30,48860000,27780000,101250000,57.34,10.07,0.96,20,98.76,3019,10010000000,2.53755392e+06,0,0,0,0,301.55,252999.68
9d143a7773cc7f4df1e9ca5d60b3ebed,y,0,y,32,64,n,30,caching,612,63,http://172.32.26.2:80/payload.txt,30,30,55180000,27920000,103530000,57.15,9.94,0.57,20,98.65,2966,10020000000,2.48512512e+06,0,0,0,0,296.15,248473.6
9e7edfaa8ed247a66393d2e1fe7f0ee8,y,0,y,64,32,n,30,caching,612,63,http://172.14.11.2:80/payload.txt,30,30,50690000,27790000,101600000,59.42,10.08,1.18,20,98.15,3019,10010000000,2.53755392e+06,0,0,0,0,301.53,252979.2
9ea5eaf442640e261481eb14043ae501,n,0,y,32,8,y,30,caching,612,63,http://172.13.32.2:80/payload.txt,30,30,7260000,7360000,33240000,82.96,69.28,113.43,1040,93.39,14114,10080000000,1.183842304e+07,0,0,0,0,1400.87,1.17440512e+06
9f5c78e7a8d7981d451ca8a33fb5c6ec,y,0,y,16,32,y,30,nocaching,612,63,http://172.24.10.2:80/payload.txt,30,30,49210000,27360000,101150000,58.83,10.06,0.83,20,99.1,3017,10010000000,2.52706816e+06,0,0,0,0,301.39,252866.56
9faf8e2d2a029b575f47f2de606a3dd7,y,60,y,16,8,n,30,caching,612,63,http://172.24.10.2:80/payload.txt,30,30,55260000,77190000,1600000000,99.04,20.24,3.31,40,92.44,3000,10010000000,2.52706816e+06,0,0,0,0,299.57,252815.36
9fc5726f03c85f1c2617186281c2f29e,y,60,y,64,16,n,30,caching,612,63,http://172.23.19.2:80/payload.txt,30,30,97000000,8930000,177010000,97.88,10.22,1.65,30,97.04,3060,10010000000,2.57949696e+06,0,0,0,0,305.57,257884.16
a0089dec1f97694e9bfc869d497bdee4,n,0,y,64,32,n,30,caching,612,63,http://172.29.16.2:80/payload.txt,30,30,7330000,7460000,52870000,81.54,68.34,101.58,690,92.75,14114,10010000000,1.183842304e+07,0,0,0,0,1409.77,1.18489088e+06
a0cdc5ace962a1c9915fbba8997c830f,n,60,y,8,32,n,30,nocaching,612,63,http://172.38.33.2:80/payload.txt,30,30,415030000,596790000,1990000000,80.24,101.28,206.29,1010,95.17,14000,10010000000,1.181745152e+07,0,0,0,0,1398.08,1.18489088e+06
a1a3ad1779d3e76cb7c7a99c460eb977,n,0,y,8,32,n,30,nocaching,612,63,http://172.24.10.2:80/payload.txt,30,30,7290000,6800000,37880000,78.5,68.57,99.01,666,91.27,14114,10010000000,1.183842304e+07,0,0,0,0,1409.5,1.18489088e+06
a319e439ce071576e10de6739fe65089,n,0,y,16,16,n,30,nocaching,612,63,http://172.10.24.2:80/payload.txt,30,30,7480000,7100000,36400000,79.93,67.33,99.2,686,91.86,14114,10020000000,1.183842304e+07,0,0,0,0,1408.96,1.18489088e+06
a38fb44ad6c3b3174f9babeb9a010e04,n,60,y,16,64,n,30,nocaching,612,63,http://172.37.17.2:80/payload.txt,30,30,220980000,302260000,976140000,79.76,334.41,416.41,1010,70.17,30020,10020000000,2.533359616e+07,0,0,0,0,2997.39,2.52706816e+06
a394368b78b7d2164a6511a1795ef9b1,n,0,y,64,16,n,30,caching,612,63,http://172.34.15.2:80/payload.txt,30,30,7400000,7490000,36220000,82.38,67.48,102.47,950,91.41,14114,10020000000,1.183842304e+07,0,0,0,0,1409.2,1.18489088e+06
a3e6f55153d61cb7df4a8d6e1c08e497,y,0,y,8,64,y,30,caching,612,63,http://172.35.31.2:80/payload.txt,30,30,49800000,27500000,101400000,58.74,10.04,0.85,20,98.83,3005,10010000000,2.5165824e+06,0,0,0,0,300.11,251791.36
a4303f607a67d0437bcd686861c0b1df,y,0,y,8,16,y,30,caching,612,63,http://172.14.11.2:80/payload.txt,30,30,49490000,27350000,100920000,58.19,10.11,1.08,20,98.5,3033,10010000000,2.54803968e+06,0,0,0,0,302.94,254167.04
a6a1c00cd9ea20d30e810acc7668c5a6,n,0,y,32,32,n,30,caching,612,63,http://172.29.16.2:80/payload.txt,30,30,7150000,7540000,34430000,81.61,69.33,103.34,690,91.18,14114,10010000000,1.183842304e+07,0,0,0,0,1409.57,1.18489088e+06
a6b4b788bd289c4050b4e4c1d0e40701,n,0,y,8,32,n,30,caching,612,63,http://172.24.10.2:80/payload.txt,30,30,7320000,7570000,37600000,82.77,68.34,99.8,690,92.75,14114,10010000000,1.183842304e+07,0,0,0,0,1409.31,1.18489088e+06
a854fe2585bfab0c1e53c29c9a718ad7,n,0,y,8,8,y,30,caching,612,63,http://172.34.15.2:80/payload.txt,30,30,147550000,175370000,508360000,77.76,54.32,116.98,424,86.61,5694,10020000000,4.78150656e+06,0,0,0,0,568.43,476917.76
a8f44896f5eec16175be923b6fb3ce22,n,0,y,64,32,y,30,caching,612,63,http://172.24.10.2:80/payload.txt,30,30,7040000,7020000,32170000,82.3,71.06,113.84,910,92.47,14114,10020000000,1.183842304e+07,0,0,0,0,1408.7,1.18489088e+06
a96dfce85929e69117a394728c218e8e,y,60,y,64,8,y,30,nocaching,612,63,http://172.38.33.2:80/payload.txt,30,30,96260000,8460000,180990000,98.09,10.3,1.78,30,96.69,3086,10010000000,2.60046848e+06,0,0,0,0,308.18,260085.76
aa658b2245f1c466e25dae3364ec7c66,n,60,y,16,64,y,30,nocaching,612,63,http://172.29.16.2:80/payload.txt,30,30,230300000,312570000,997150000,79.69,152.59,192.99,1010,94.24,30000,10020000000,2.53231104e+07,0,0,0,0,2994.69,2.52706816e+06
ab4422b9acf629edbc674512fda54f65,n,60,y,64,16,n,30,caching,612,63,http://172.20.39.2:80/payload.txt,30,30,446980,1140000,55430000,99.29,2470,201.02,3350,77.46,737072,10100000000,6.2204674048e+08,0,0,0,0,72977.63,6.159335424e+07
ac25c2c6444309c943a8d177067e8d96,y,0,y,64,8,y,30,caching,612,63,http://172.24.10.2:80/payload.txt,30,30,49730000,27140000,101120000,59.71,10.05,0.75,20,99.16,3011,10010000000,2.52706816e+06,0,0,0,0,300.73,252313.6
ac3d784f20a531f09bc35b354d48763a,y,60,y,8,16,y,30,caching,612,63,http://172.35.31.2:80/payload.txt,30,30,22670000,1330000,30230000,96.93,41.88,10.06,60,93.62,2793,10010000000,2.359296e+06,0,0,0,0,278.92,235397.12
aca73ee5e7a411338d89a05e749321ee,y,0,y,64,64,y,30,caching,612,63,http://172.39.36.2:80/payload.txt,30,30,49140000,27150000,100850000,58.72,10.13,1.16,20,98.6,3038,10010000000,2.54803968e+06,0,0,0,0,303.56,254689.28
ad832a984a2d3b616295c2322fd0f0d6,y,0,y,8,8,n,30,caching,612,63,http://172.13.32.2:80/payload.txt,30,30,59790000,24460000,101130000,60.24,10.08,0.98,20,98.7,3023,10010000000,2.53755392e+06,0,0,0,0,301.91,253306.88
ae2d4451553e95ec80d9d4820e02096c,y,0,y,64,16,n,30,nocaching,612,63,http://172.39.36.2:80/payload.txt,30,30,51670000,28040000,101310000,58.81,10.03,0.68,20,99.26,3003,10010000000,2.5165824e+06,0,0,0,0,299.97,251668.48
ae866beead40d88299bb558b1adba84c,n,60,y,64,64,n,30,nocaching,612,63,http://172.30.21.2:80/payload.txt,30,30,435850,204690,6780000,95.34,2340,196.75,4910,82.69,700987,10100000000,5.9159609344e+08,0,0,0,0,69406.25,5.857345536e+07
b2eefc74b25756a3228e043866c127e0,n,0,y,32,8,n,30,nocaching,612,63,http://172.29.16.2:80/payload.txt,30,30,7240000,6760000,35600000,80.75,69.19,100.36,666,91.2,14114,10020000000,1.183842304e+07,0,0,0,0,1409.1,1.18489088e+06
b4c7828b98c4eab9025c3c497233332d,n,60,y,64,8,y,30,caching,612,63,http://172.24.10.2:80/payload.txt,30,30,348340,224040,7370000,91.51,3010,524.38,7190,77.12,898758,10100000000,7.5850842112e+08,0,0,0,0,88980.51,7.509901312e+07
b520fb2c97320ebd17ee028a9c11208f,n,0,y,32,16,y,30,caching,612,63,http://172.39.36.2:80/payload.txt,30,30,7190000,7370000,51190000,83.33,70.3,116.15,1080,92.79,14114,10040000000,1.183842304e+07,0,0,0,0,1405.49,1.17440512e+06
b53ffb726b59adf97754bbcb2500fe90,n,0,y,8,16,y,30,nocaching,612,63,http://172.29.16.2:80/payload.txt,30,30,19740000,64090000,510110000,95.93,59.64,68.92,440,93.4,14113,10020000000,1.183842304e+07,0,0,0,0,1409.02,1.18489088e+06
b5a9d8e1f1afeee84ccab55612e5432c,y,60,y,8,32,y,30,nocaching,612,63,http://172.22.20.2:80/payload.txt,30,30,22670000,1290000,28830000,97.18,42.17,9.44,60,94.61,2786,10010000000,2.34881024e+06,0,0,0,0,278.24,234823.68
b5d97c475ec44f001303365c6ab44685,y,60,y,16,8,n,30,nocaching,612,63,http://172.37.17.2:80/payload.txt,30,30,61640000,109160000,1610000000,98.13,20.03,3.96,40,90.9,3069,10010000000,2.58998272e+06,0,0,0,0,306.53,258703.36
b78f581935c60f41067f24fe59f2968e,y,0,y,32,8,y,30,caching,612,63,http://172.29.16.2:80/payload.txt,30,30,48680000,27460000,101040000,58.16,10.1,1.07,20,98.7,3028,10010000000,2.53755392e+06,0,0,0,0,302.49,253788.16
b8149fedc54cee07daa1559545cceb98,n,60,y,64,8,n,30,nocaching,612,63,http://172.12.38.2:80/payload.txt,30,30,443940,322650,14370000,96.87,2380,262.5,6470,80.47,710739,10100000000,5.9982741504e+08,0,0,0,0,70373.16,5.939134464e+07
b9442ed8e8e71e19afe1cf311b1d2c82,y,60,y,32,16,n,30,caching,612,63,http://172.15.34.2:80/payload.txt,30,30,96000000,8790000,174700000,97.9,10.32,1.88,30,96.31,3092,10010000000,2.61095424e+06,0,0,0,0,308.85,260659.2
b9944a259c259abc1eb58183c4403469,n,0,y,8,64,y,30,nocaching,612,63,http://172.29.16.2:80/payload.txt,30,30,7260000,6600000,34270000,72.89,68.67,106.43,848,94.17,14114,10020000000,1.183842304e+07,0,0,0,0,1408.55,1.18489088e+06
b9ada5040ba405c5ffe1919d97a209cf,y,0,y,64,8,y,30,nocaching,612,63,http://172.35.31.2:80/payload.txt,30,30,48780000,27540000,101450000,57.77,10.1,1.06,20,98.43,3029,10010000000,2.53755392e+06,0,0,0,0,302.46,253767.68
ba84264568793159dfd0b533dd8f7df5,y,60,y,64,16,y,30,nocaching,612,63,http://172.34.15.2:80/payload.txt,30,30,96520000,8270000,181800000,98.08,10.27,1.72,30,96.82,3076,10020000000,2.60046848e+06,0,0,0,0,307.05,259133.44
ba9237337a5ff10e0cbd601abe226356,n,0,y,32,16,y,30,nocaching,612,63,http://172.24.10.2:80/payload.txt,30,30,7190000,6980000,31860000,79.5,69.86,111.66,1000,92.59,14114,10030000000,1.183842304e+07,0,0,0,0,1406.51,1.18489088e+06
bb241ba28c53f0afecd48dd958b7a8ee,n,60,y,16,32,y,30,nocaching,612,63,http://172.34.15.2:80/payload.txt,30,30,231170000,313480000,1010000000,79.68,221,303.63,1010,84.72,30000,10040000000,2.53231104e+07,0,0,0,0,2989.47,2.52706816e+06
bb9c21ff2ac3f1aa61dee74cc2352e0b,n,60,y,64,32,y,30,caching,612,63,http://172.13.32.2:80/payload.txt,30,30,383320,144050,6800000,95.27,2590,284.62,8280,90.88,775384,10100000000,6.5438482432e+08,0,0,0,0,76774.93,6.479151104e+07
bc31302db02f1343876e04d6f5435674,y,0,y,16,8,n,30,caching,612,63,http://172.39.36.2:80/payload.txt,30,30,53170000,27530000,101890000,56.5,10.1,1.06,20,98.5,3030,10020000000,2.53755392e+06,0,0,0,0,302.5,253798.4
bcb616bdc4c5655d94a9f7c57fa3e80e,y,60,y,32,32,y,30,nocaching,612,63,http://172.34.15.2:80/payload.txt,30,30,97000000,8560000,189120000,98.11,10.21,1.54,30,97.52,3061,10010000000,2.57949696e+06,0,0,0,0,305.78,258058.24
bce1d973b433b492d3cd1dd4275806d1,n,60,y,8,64,y,30,caching,612,63,http://172.36.28.2:80/payload.txt,30,30,90900000,280450000,1520000000,90.64,113.88,229.6,1010,93.66,14000,10040000000,1.181745152e+07,0,0,0,0,1395.11,1.17440512e+06
be018bc62805bd6b6c8ae14a291875eb,y,60,y,16,64,n,30,nocaching,612,63,http://172.24.10.2:80/payload.txt,30,30,55810000,77770000,1600000000,99.04,20.02,3.09,40,93.88,3000,10010000000,2.52706816e+06,0,0,0,0,299.57,252825.6
bfb2c49571b33b7c228e69b65d4480c3,y,0,y,16,32,y,30,caching,612,63,http://172.38.33.2:80/payload.txt,30,30,49780000,27610000,100910000,57.94,10.07,0.97,20,98.56,3017,10020000000,2.52706816e+06,0,0,0,0,301.21,252712.96
c2b4da3f70b631e867be28526ab12b2d,n,0,y,64,8,n,30,caching,612,63,http://172.12.38.2:80/payload.txt,30,30,7200000,7810000,35450000,82.75,69.24,105.84,757,92.65,14114,10010000000,1.183842304e+07,0,0,0,0,1409.36,1.18489088e+06
c355a24f47b14e860008930200eba8e3,n,0,y,64,64,y,30,caching,612,63,http://172.22.20.2:80/payload.txt,30,30,7190000,6910000,30130000,76.85,70.36,117.24,1050,92.64,14114,10050000000,1.183842304e+07,0,0,0,0,1405.04,1.17440512e+06
c3e7aa549a37f219b8e189097f070879,y,60,y,8,8,y,30,caching,612,63,http://172.37.17.2:80/payload.txt,30,30,22830000,1330000,29990000,96.94,41.79,9.59,60,93.78,2800,10020000000,2.359296e+06,0,0,0,0,279.53,235909.12
c44ece1b20eabb60310f4627310eef35,y,60,y,64,16,y,30,caching,612,63,http://172.15.34.2:80/payload.txt,30,30,96350000,8450000,181300000,98.09,10.29,1.74,30,96.86,3083,10010000000,2.60046848e+06,0,0,0,0,307.92,259860.48
c49c5fca47138bc2d0430b417a7316d3,n,60,y,16,32,n,30,nocaching,612,63,http://172.38.33.2:80/payload.txt,30,30,224540000,306620000,987900000,79.73,144.99,191.33,1010,95.13,30000,10020000000,2.53231104e+07,0,0,0,0,2995.32,2.52706816e+06
c4cbb5ec969ba048d3c0433128007b10,n,0,y,32,32,n,30,nocaching,612,63,http://172.18.12.2:80/payload.txt,30,30,7320000,7850000,45090000,83.37,68.01,99.31,707,91.34,14114,10020000000,1.183842304e+07,0,0,0,0,1409.04,1.18489088e+06
c5966df2f0708be90cea32ec1516cdc0,n,60,y,8,64,n,30,nocaching,612,63,http://172.38.33.2:80/payload.txt,30,30,416740000,598670000,1990000000,80.14,101.25,204.82,1010,95.21,14000,10010000000,1.181745152e+07,0,0,0,0,1397.97,1.18489088e+06
c62495dd6e193ad35a52ed1783536f2a,n,60,y,32,64,n,30,caching,612,63,http://172.19.13.2:80/payload.txt,30,30,429440,1070000,55360000,97.78,2760,405.97,4059.9999999999995,63.94,826330,10100000000,6.9737644032e+08,0,0,0,0,81808.44,6.903824384e+07
c6d7ebec2e33f228556079866c844bdf,n,60,y,32,16,y,30,nocaching,612,63,http://172.10.24.2:80/payload.txt,30,30,609010,146580,7230000,96.3,1640,344.29,14980,99.93,488944,10100000000,4.1264611328e+08,0,0,0,0,48410.24,4.085252096e+07
c6f4d44767389640758ceb1edcbe6950,y,60,y,64,64,n,30,caching,612,63,http://172.16.29.2:80/payload.txt,30,30,96910000,8890000,177140000,97.88,10.23,1.67,30,97.02,3063,10010000000,2.58998272e+06,0,0,0,0,305.9,258160.64
c6fd6b64a1b986fec9445c8350a01581,n,60,y,8,16,y,30,nocaching,612,63,http://172.24.10.2:80/payload.txt,30,30,91210000,280960000,1520000000,90.64,103.62,209.19,1010,95,14000,10020000000,1.181745152e+07,0,0,0,0,1397.2,1.17440512e+06
c89859f1f47f3593b14b01f4e0c9b098,y,0,y,64,64,n,30,caching,612,63,http://172.32.26.2:80/payload.txt,30,30,53550000,28280000,103500000,56.5,9.9,0.68,10,97.96,2945,10010000000,2.47463936e+06,0,0,0,0,294.11,246763.52
c89c4c7a1c40a3b050ae5672163be7be,y,0,y,8,32,n,30,nocaching,612,63,http://172.29.16.2:80/payload.txt,30,30,65900000,22420000,103060000,68.05,9.97,0.58,20,98.82,2980,10010000000,2.49561088e+06,0,0,0,0,297.66,249733.12
c982eb21f1b4f73846578d27910507f9,y,0,y,8,16,n,30,nocaching,612,63,http://172.14.11.2:80/payload.txt,30,30,49250000,28200000,100640000,57.22,9.99,0.74,20,98.52,2985,10010000000,2.50609664e+06,0,0,0,0,298.11,250112
ca98344c2372ca3505356b1b5f1d0189,n,60,y,8,32,n,30,caching,612,63,http://172.17.37.2:80/payload.txt,30,30,430880000,604090000,1990000000,80.1,444.5,442.13,1000,67.5,14163,10010000000,1.19537664e+07,0,0,0,0,1414.26,1.19537664e+06
cb167120667b4870974cb0f7539d7979,y,0,y,64,8,n,30,nocaching,612,63,http://172.35.31.2:80/payload.txt,30,30,50340000,25760000,101680000,59.21,10.02,0.89,20,98.49,2996,10010000000,2.5165824e+06,0,0,0,0,299.28,251095.04
cb75130df1b6257f299e37f651b42472,y,0,y,32,16,y,30,caching,612,63,http://172.20.39.2:80/payload.txt,30,30,49740000,27470000,100810000,57.79,10.1,1.02,20,98.77,3028,10020000000,2.53755392e+06,0,0,0,0,302.19,253542.4
cdafe8f66b911f01adad73d058626c98,y,0,y,32,32,n,30,nocaching,612,63,http://172.10.24.2:80/payload.txt,30,30,67240000,22040000,124650000,66.35,9.92,1.02,20,97.24,2945,10010000000,2.47463936e+06,0,0,0,0,294.09,246743.04
cde9371da6ceb7a685e42525cb6f0c82,y,0,y,16,32,n,30,caching,612,63,http://172.11.35.2:80/payload.txt,30,30,52410000,26230000,100850000,58.21,10.07,0.94,20,98.7,3020,10010000000,2.53755392e+06,0,0,0,0,301.69,253112.32
cf423f0f50427a451f93fd5678f2a69c,n,0,y,16,32,y,30,caching,612,63,http://172.38.33.2:80/payload.txt,30,30,7220000,6820000,35400000,77.32,69.33,117.04,1110,92.65,14114,10030000000,1.183842304e+07,0,0,0,0,1407.28,1.18489088e+06
cfeb647ecb59b4e984814281228c0892,n,0,y,64,32,y,30,nocaching,612,63,http://172.32.26.2:80/payload.txt,30,30,7460000,6760000,29200000,73.67,67.35,108.59,1010,93.05,14114,10040000000,1.183842304e+07,0,0,0,0,1406.37,1.18489088e+06
d03be140699b86351092095cea5f5092,n,0,y,32,8,y,30,nocaching,612,63,http://172.19.13.2:80/payload.txt,30,30,7240000,7540000,49490000,81.91,69.09,112.48,980,92.67,14114,10020000000,1.183842304e+07,0,0,0,0,1408.02,1.18489088e+06
d0707e5c3d3ad0bd5ef506f1ce044ec2,y,60,y,64,8,n,30,nocaching,612,63,http://172.17.37.2:80/payload.txt,30,30,96090000,8350000,178270000,98.03,10.32,1.84,30,96.41,3092,10020000000,2.61095424e+06,0,0,0,0,308.73,260556.8
d14d9d0b8f21c666cee37b7466080e10,n,0,y,64,8,y,30,caching,612,63,http://172.39.36.2:80/payload.txt,30,30,7160000,7300000,33000000,81.93,70.35,114.97,1040,92.54,14114,10080000000,1.183842304e+07,0,0,0,0,1400.6,1.17440512e+06
d205dbdbf7d3afd5fd7f5c1c90dbd890,n,0,y,8,64,n,30,nocaching,612,63,http://172.37.17.2:80/payload.txt,30,30,7710000,6670000,37940000,76.14,64.99,84.97,565,91.72,14114,10020000000,1.183842304e+07,0,0,0,0,1409.13,1.18489088e+06
d4fac31be72149f3fdb19835d5411e6d,y,60,y,32,8,n,30,caching,612,63,http://172.24.10.2:80/payload.txt,30,30,96950000,8910000,175950000,97.88,10.22,1.62,30,97.25,3062,10010000000,2.57949696e+06,0,0,0,0,305.74,258027.52
d5c12526bca5a8f918cac863e3abaf22,n,60,y,64,64,y,30,caching,612,63,http://172.34.15.2:80/payload.txt,30,30,388590,149310,6760000,94.1,2560,330.12,10360,92.64,765921,10100000000,6.463946752e+08,0,0,0,0,75837.82,6.400507904e+07
d7862597aafee5ead1b0bb954135a20f,y,60,y,16,32,n,30,caching,612,63,http://172.12.38.2:80/payload.txt,30,30,62170000,110680000,1620000000,98.13,20.03,3.89,40,91.66,3061,10010000000,2.57949696e+06,0,0,0,0,305.73,258027.52
d880e4f27f72418904e74525df6e6b8e,y,0,y,64,64,y,30,nocaching,612,63,http://172.35.31.2:80/payload.txt,30,30,49980000,27250000,100940000,58.93,10.09,1.06,20,98.5,3024,10010000000,2.53755392e+06,0,0,0,0,301.99,253368.32
d883bd3ccb27504fdebfc49c8bc4c7df,y,0,y,16,64,n,30,nocaching,612,63,http://172.38.33.2:80/payload.txt,30,30,52750000,27570000,102170000,56.43,10.11,1.1,20,98.43,3034,10020000000,2.54803968e+06,0,0,0,0,302.86,254095.36
db3a01fb3eeaa962ef0e0908777fcb11,n,60,y,8,8,n,30,nocaching,612,63,http://172.38.33.2:80/payload.txt,30,30,429440000,602710000,1990000000,79.82,404.94,407.39,1010,76.62,14214,10010000000,1.199570944e+07,0,0,0,0,1419.49,1.19537664e+06
db8705b6ddf4e6792ec19fceed678b3a,n,60,y,32,8,y,30,caching,612,63,http://172.32.26.2:80/payload.txt,30,30,407860,189860,7170000,93.01,2480,326.23,6250,80.9,740235,10100000000,6.2472060928e+08,0,0,0,0,73293.24,6.185549824e+07
dbe830d4160a323d02d6db3a4cc84513,n,0,y,16,32,n,30,nocaching,612,63,http://172.39.36.2:80/payload.txt,30,30,19570000,63540000,519720000,95.91,65.45,87.22,535,91.93,14113,10010000000,1.183842304e+07,0,0,0,0,1409.56,1.18489088e+06
ded2c010684b23775254f8823b305c8f,y,60,y,64,32,y,30,nocaching,612,63,http://172.39.36.2:80/payload.txt,30,30,95940000,8400000,180450000,98.09,10.32,1.81,30,96.63,3096,10010000000,2.61095424e+06,0,0,0,0,309.22,260966.4
dfc4bcf47f3fc307f5f699ccbba91461,n,60,y,8,64,y,30,nocaching,612,63,http://172.29.16.2:80/payload.txt,30,30,90820000,280280000,1520000000,90.65,163.52,305.11,1010,87.5,14000,10030000000,1.181745152e+07,0,0,0,0,1395.42,1.17440512e+06
e04ff7353e347d230a873e60127ee15b,n,0,y,64,8,y,30,nocaching,612,63,http://172.20.39.2:80/payload.txt,30,30,7140000,6880000,36440000,79.47,70.35,112.22,1010,92.54,14114,10040000000,1.183842304e+07,0,0,0,0,1406.32,1.18489088e+06
e0aa127663c9693172b43b519b13a216,y,60,y,32,32,n,30,caching,612,63,http://172.37.17.2:80/payload.txt,30,30,96820000,9200000,172860000,97.75,10.24,1.72,30,96.91,3065,10020000000,2.58998272e+06,0,0,0,0,306.03,258273.28
e0b820fb74bbf9c7ca7ed1f955098b79,y,0,y,16,64,y,30,nocaching,612,63,http://172.18.12.2:80/payload.txt,30,30,49260000,27240000,101170000,59.21,10.07,0.93,20,98.73,3020,10010000000,2.53755392e+06,0,0,0,0,301.55,252999.68
e1291ea2e578bdc0453d6548e466283d,n,0,y,64,16,y,30,caching,612,63,http://172.15.34.2:80/payload.txt,30,30,7370000,6810000,27180000,73.69,67.94,116.03,1090,94.24,14114,10030000000,1.183842304e+07,0,0,0,0,1407,1.18489088e+06
e140070de0fdaf10d083a9dd34331160,y,0,y,16,16,y,30,nocaching,612,63,http://172.39.36.2:80/payload.txt,30,30,49310000,27080000,100690000,59.39,10.12,1.14,20,98.6,3034,10010000000,2.54803968e+06,0,0,0,0,302.99,254208
e170f9601d26b08d1918029c5a13c9a7,n,60,y,16,8,n,30,nocaching,612,63,http://172.35.31.2:80/payload.txt,30,30,224700000,306600000,985490000,79.74,241.69,344.02,1010,82.61,30000,10020000000,2.53231104e+07,0,0,0,0,2995.3,2.52706816e+06
e39b8d0e119e64fa84366172d41ea026,n,0,y,16,64,y,30,caching,612,63,http://172.39.36.2:80/payload.txt,30,30,59520000,122760000,508950000,86.21,59.38,76.25,484,92.43,14109,10030000000,1.183842304e+07,0,0,0,0,1407.11,1.18489088e+06
e3b29207baf25bcd38033d33313a03f3,n,0,y,64,16,y,30,nocaching,612,63,http://172.24.10.2:80/payload.txt,30,30,7200000,7240000,37010000,82.41,69.7,112,1020,92.61,14114,10040000000,1.183842304e+07,0,0,0,0,1406.19,1.18489088e+06
e57728bc258d8930d05875727a571cb3,y,0,y,16,16,y,30,caching,612,63,http://172.17.37.2:80/payload.txt,30,30,49620000,15900000,97070000,74.36,9.97,0.62,20,98.82,2980,10010000000,2.49561088e+06,0,0,0,0,297.61,249692.16
e7341be4cf37fdc9e8b8dac05b380580,n,0,y,32,32,y,30,caching,612,63,http://172.34.15.2:80/payload.txt,30,30,7150000,7150000,32130000,81.05,70.35,117.29,1070,92.54,14114,10040000000,1.183842304e+07,0,0,0,0,1405.18,1.17440512e+06
e94687abadd0e8f6d36123df3529c62b,y,60,y,64,64,y,30,caching,612,63,http://172.34.15.2:80/payload.txt,30,30,97200000,8580000,179970000,98.07,10.19,1.49,30,97.62,3054,10020000000,2.57949696e+06,0,0,0,0,304.84,257269.76
ecd1de4e1ef8e70169e792af757f9d8e,n,0,y,16,16,y,30,nocaching,612,63,http://172.37.17.2:80/payload.txt,30,30,7510000,6940000,39150000,80.52,66.38,92.78,646,92.35,14114,10010000000,1.183842304e+07,0,0,0,0,1409.68,1.18489088e+06
ed3f788ab2e06530652454bf63df2cb0,n,0,y,32,64,y,30,caching,612,63,http://172.37.17.2:80/payload.txt,30,30,7200000,8140000,54290000,83.31,68.34,99.22,676,91.3,14114,10010000000,1.183842304e+07,0,0,0,0,1409.32,1.18489088e+06
ed7d7da711b9813e45d1bc55eef4848e,y,60,y,8,64,n,30,caching,612,63,http://172.37.17.2:80/payload.txt,30,30,22720000,1390000,39530000,97.05,41.64,10.15,50,93.17,2800,10020000000,2.359296e+06,0,0,0,0,279.58,235950.08
ef48119a999b178f4cc6a81af59ab163,y,0,y,32,64,n,30,nocaching,612,63,http://172.21.18.2:80/payload.txt,30,30,52570000,27740000,102490000,56.5,10.06,0.86,20,98.8,3016,10020000000,2.52706816e+06,0,0,0,0,301.08,252600.32
ef53563841e6d34d18e98e05146875f1,y,60,y,8,32,n,30,caching,612,63,http://172.24.10.2:80/payload.txt,30,30,22900000,1380000,40510000,96.86,41.89,9.19,50,94.82,2795,10010000000,2.359296e+06,0,0,0,0,279.11,235560.96
f0351a3685d7aca9612645876d5c6287,n,60,y,32,16,n,30,nocaching,612,63,http://172.17.37.2:80/payload.txt,30,30,668980,154360,7070000,95.97,1500,115.86,3690,99.37,448440,10100000000,3.7846253568e+08,0,0,0,0,44400.47,3.747610624e+07
f086182c99c6a57cda4ab3a962072e16,n,60,y,32,16,n,30,caching,612,63,http://172.24.10.2:80/payload.txt,30,30,571860,2620000,123230000,99.43,2430,263.6,4610,80.42,728588,10100000000,6.1489545216e+08,0,0,0,0,72138.46,6.088032256e+07
f21be56e4ab83221124132ec2c6fd0da,y,0,y,16,8,n,30,nocaching,612,63,http://172.29.16.2:80/payload.txt,30,30,52220000,27990000,103150000,57.6,10.02,0.7,20,99.06,3000,10010000000,2.5165824e+06,0,0,0,0,299.57,251340.8
f2b1b9bd8e9d313261e31a49473cb422,n,60,y,16,32,n,30,caching,612,63,http://172.30.21.2:80/payload.txt,30,30,229180000,307220000,983390000,79.47,436.57,428.27,1010,58.8,30473,10020000000,2.572156928e+07,0,0,0,0,3042.71,2.5690112e+06
f3e708e1bba8336cd48fe3d988204bcc,y,0,y,32,64,y,30,nocaching,612,63,http://172.39.36.2:80/payload.txt,30,30,49520000,27290000,101070000,59.2,10.08,0.94,20,98.8,3022,10010000000,2.53755392e+06,0,0,0,0,301.78,253194.24
f50bfe25ff7ade847e0143445b39385b,n,60,y,64,8,n,30,caching,612,63,http://172.11.35.2:80/payload.txt,30,30,2650000,8490000,67210000,93.49,2000,434.63,3070,82.94,597541,10100000000,5.0429165568e+08,0,0,0,0,59160.67,4.993318912e+07
f5211388faa8bc85c2b57577545818e3,n,0,y,64,64,y,30,nocaching,612,63,http://172.35.31.2:80/payload.txt,30,30,7180000,6570000,26340000,73.2,69.95,113.65,1050,94.07,14114,10040000000,1.183842304e+07,0,0,0,0,1405.96,1.17440512e+06
f753a2d29fee8272a1b6b31cc9bdbb07,y,60,y,64,32,n,30,caching,612,63,http://172.35.31.2:80/payload.txt,30,30,96460000,9480000,171770000,96.91,10.27,1.84,30,96.47,3075,10010000000,2.58998272e+06,0,0,0,0,307.09,259174.4
f7d7158d58392a5b43d67ce583493ab7,n,0,y,64,32,n,30,nocaching,612,63,http://172.29.16.2:80/payload.txt,30,30,7270000,6700000,28550000,78.96,68.67,99.76,666,91.26,14114,10010000000,1.183842304e+07,0,0,0,0,1409.5,1.18489088e+06
fc424d551fc7e87ee888a063557531f2,y,0,y,8,64,n,30,nocaching,612,63,http://172.12.38.2:80/payload.txt,30,30,51400000,28190000,102940000,59.32,9.97,0.62,20,98.89,2979,10010000000,2.49561088e+06,0,0,0,0,297.58,249661.44
fd04d45c5c48e1f8842ee241cca270ca,y,0,y,8,8,y,30,caching,612,63,http://172.32.26.2:80/payload.txt,30,30,51220000,27800000,102770000,57.87,10,0.55,20,99.26,2993,10010000000,2.50609664e+06,0,0,0,0,298.97,250828.8
fdb2426348659ab57ce4ebc00d54a957,n,0,y,16,8,n,30,nocaching,612,63,http://172.39.36.2:80/payload.txt,30,30,7300000,7020000,35690000,82.54,68.33,102,720,92.42,14114,10010000000,1.183842304e+07,0,0,0,0,1409.69,1.18489088e+06
fdf3efabec9c28bf56cf01ed69cf75eb,y,0,y,64,32,n,30,nocaching,612,63,http://172.13.32.2:80/payload.txt,30,30,51690000,27760000,102110000,57.36,10.1,1.08,20,98.53,3030,10010000000,2.53755392e+06,0,0,0,0,302.74,254003.2
ff01f5bcd81ec107d1da3479b940df5e,n,0,y,16,8,n,30,caching,612,63,http://172.38.33.2:80/payload.txt,30,30,7300000,7610000,55410000,83.68,68.02,92.5,535,92.64,14114,10010000000,1.183842304e+07,0,0,0,0,1409.63,1.18489088e+06
ff9a6e936fdc72ae74f3f72872820b4a,n,60,y,64,16,y,30,nocaching,612,63,http://172.28.22.2:80/payload.txt,30,30,376970,179080,7460000,91.58,2690,481.55,13820,85.21,803551,10100000000,6.7815604224e+08,0,0,0,0,79564.73,6.715080704e+07
